Area Code,Area Code (M49),Area,Item Code,Item Code (CPC),Item,Element Code,Element,Year Code,Year,Unit,Value,Flag
"67","'246","Finland","426","'01251","Carrots and turnips","5419","Yield","1981","1981","hg/ha","180088.000000","E"
"198","'705","Slovenia","401","'01231","Chillies and peppers, green (Capsicum spp. and Pimenta spp.)","5419","Yield","1995","1995","hg/ha","154068.000000","E"
"27","'100","Bulgaria","1091","'0232","Eggs from other birds in shell, fresh, n.e.c.","5413","Yield","1991","1991","No/An","35.000000","E"
"15","'058","Belgium-Luxembourg","515","'01341","Apples","5510","Production","1968","1968","tonnes","181000.000000","A"
"98","'191","Croatia","426","'01251","Carrots and turnips","5419","Yield","2011","2011","hg/ha","252391.000000","E"
"11","'040","Austria","426","'01251","Carrots and turnips","5312","Area harvested","1974","1974","ha","706.000000","A"
"174","'620","Portugal","30","'F0030","Rice, paddy (rice milled equivalent)","5510","Production","2013","2013","tonnes","120163.000000","E"
"173","'616","Poland","358","'01212","Cabbages","5312","Area harvested","1989","1989","ha","52240.000000","A"
"68","'250","France","426","'01251","Carrots and turnips","5510","Production","1985","1985","tonnes","643600.000000","A"
"174","'620","Portugal","137","'01540","Yams","5312","Area harvested","1967","1967","ha","314.000000","E"
"50","'196","Cyprus","1720","'F1720","Roots and Tubers, Total","5312","Area harvested","1982","1982","ha","8134.000000","E"
"134","'470","Malta","426","'01251","Carrots and turnips","5419","Yield","2002","2002","hg/ha","291857.000000","E"
"198","'705","Slovenia","426","'01251","Carrots and turnips","5419","Yield","2015","2015","hg/ha","215155.000000","E"
"203","'724","Spain","711","'01654","Anise, badian, coriander, cumin, caraway, fennel and juniper berries, raw","5510","Production","1969","1969","tonnes","1900.000000","E"
"50","'196","Cyprus","1807","'F1807","Sheep and Goat Meat","5510","Production","2016","2016","tonnes","4953.000000","E"
"203","'724","Spain","568","'01229","Cantaloupes and other melons","5419","Yield","2017","2017","hg/ha","320264.000000","E"
"167","'203","Czechia","1841","'F1841","Oilcrops, Cake Equivalent","5510","Production","1997","1997","tonnes","367534.000000","E"
"97","'348","Hungary","426","'01251","Carrots and turnips","5510","Production","1976","1976","tonnes","123900.000000","A"
"51","'200","Czechoslovakia","181","'01702","Broad beans and horse beans, dry","5419","Yield","1969","1969","hg/ha","15698.000000","E"
"134","'470","Malta","521","'01342.01","Pears","5419","Yield","2011","2011","hg/ha","155000.000000","E"
"67","'246","Finland","426","'01251","Carrots and turnips","5419","Yield","1972","1972","hg/ha","350000.000000","I"
"97","'348","Hungary","426","'01251","Carrots and turnips","5419","Yield","2015","2015","hg/ha","300000.000000","E"
"203","'724","Spain","426","'01251","Carrots and turnips","5419","Yield","2015","2015","hg/ha","290000.000000","E"