Targets
Occurrences of 'Portugal' in File 'Production_Crops_Livestock_EU_shuffle_small.csv'
Found Occurrences in File 'Production_Crops_Livestock_EU_shuffle_small.csv'
Unclassified
esinf_2dj_t02

Production_Crops_Livestock_EU_shuffle_small.csv
"174","'620","Portugal","568","'01229","Cantaloupes and other melons","5419","Yield","1992","1992","hg/ha","66667.000000","E"
"174","'620","Portugal","1163","'21170.02","Game meat, fresh, chilled or frozen","5510","Production","1985","1985","tonnes","4680.000000","A"
"174","'620","Portugal","157","'01801","Sugar beet","5419","Yield","1971","1971","hg/ha","433865.000000","E"
"174","'620","Portugal","900","'22130.02","Whey, dry","5510","Production","2000","2000","tonnes","840.000000","I"
"174","'620","Portugal","1738","'F1738","Fruit Primary","5419","Yield","1976","1976","hg/ha","43368.000000","E"
"174","'620","Portugal","116","'01510","Potatoes","5510","Production","1979","1979","tonnes","1109550.000000","A"
"174","'620","Portugal","44","'0115","Barley","5312","Area harvested","2005","2005","ha","34338.000000","A"
"174","'620","Portugal","982","'02291","Raw milk of sheep","5510","Production","1975","1975","tonnes","90000.000000","T"
"174","'620","Portugal","919","'02951.01","Raw hides and skins of cattle","5320","Producing Animals/Slaughtered","1981","1981","Head","514640.000000","A"
"174","'620","Portugal","507","'01321","Pomelos and grapefruits","5419","Yield","1963","1963","hg/ha","74074.000000","I"
"174","'620","Portugal","560","'01330","Grapes","5510","Production","1984","1984","tonnes","1210000.000000","A"
"174","'620","Portugal","137","'01540","Yams","5510","Production","2004","2004","tonnes","2137.000000","I"
"174","'620","Portugal","1035","'21113.01","Meat of pig with the bone, fresh or chilled","5320","Producing Animals/Slaughtered","2001","2001","Head","4831104.000000","A"
"174","'620","Portugal","56","'0112","Maize (corn)","5510","Production","2017","2017","tonnes","745123.000000","A"
"174","'620","Portugal","417","'01242","Peas, green","5312","Area harvested","2016","2016","ha","716.000000","A"
"174","'620","Portugal","868","'21151","Edible offal of cattle, fresh, chilled or frozen","5510","Production","1998","1998","tonnes","9847.000000","I"
"174","'620","Portugal","27","'0113","Rice","5312","Area harvested","2015","2015","ha","29142.000000","A"
"174","'620","Portugal","1809","'F1809","Skim Milk&Buttermilk,Dry","5510","Production","1981","1981","tonnes","5847.000000","E"
"174","'620","Portugal","541","'01349.20","Other stone fruits","5510","Production","1983","1983","tonnes","3811.000000","A"
"174","'620","Portugal","220","'01373","Chestnuts, in shell","5312","Area harvested","2016","2016","ha","35718.000000","A"
"174","'620","Portugal","75","'0117","Oats","5510","Production","1977","1977","tonnes","59541.000000","A"
"174","'620","Portugal","181","'01702","Broad beans and horse beans, dry","5510","Production","1983","1983","tonnes","18073.000000","A"
"174","'620","Portugal","75","'0117","Oats","5419","Yield","1980","1980","hg/ha","5491.000000","E"
"174","'620","Portugal","30","'F0030","Rice, paddy (rice milled equivalent)","5510","Production","2013","2013","tonnes","120163.000000","E"
"174","'620","Portugal","156","'01802","Sugar cane","5419","Yield","1998","1998","hg/ha","800000.000000","E"
"174","'620","Portugal","1080","'21124","Meat of turkeys, fresh or chilled","5321","Producing Animals/Slaughtered","1971","1971","1000 Head","0.000000","I"
"174","'620","Portugal","1723","'F1723","Sugar Crops Primary","5312","Area harvested","2007","2007","ha","2970.000000","E"
"174","'620","Portugal","336","'01449.02","Hempseed","5510","Production","1967","1967","tonnes","20.000000","E"
"174","'620","Portugal","60","'21691.02","Oil of maize","5510","Production","1968","1968","tonnes","3000.000000","E"
"174","'620","Portugal","234","'01379.90","Other nuts (excluding wild edible nuts and groundnuts), in shell, n.e.c.","5312","Area harvested","2015","2015","ha","0.000000","A"
"174","'620","Portugal","495","'01324","Tangerines, mandarins, clementines","5312","Area harvested","1994","1994","ha","4264.000000","A"
"174","'620","Portugal","1806","'F1806","Beef and Buffalo Meat","5417","Yield/Carcass Weight","2004","2004","hg/An","2544.000000","E"
"174","'620","Portugal","417","'01242","Peas, green","5419","Yield","2011","2011","hg/ha","62610.000000","E"
"174","'620","Portugal","497","'01322","Lemons and limes","5419","Yield","1970","1970","hg/ha","53333.000000","E"
"174","'620","Portugal","619","'01359.90","Other fruits, n.e.c.","5419","Yield","1980","1980","hg/ha","34018.000000","E"
"174","'620","Portugal","1808","'F1808","Meat, Poultry","5510","Production","1992","1992","tonnes","199206.000000","E"
"174","'620","Portugal","1804","'F1804","Citrus Fruit, Total","5419","Yield","2005","2005","hg/ha","109655.000000","E"
"174","'620","Portugal","1183","'02960.01","Beeswax","5422","Yield","1981","1981","hg","17.000000","I"
"174","'620","Portugal","885","'22120","Cream, fresh","5510","Production","2006","2006","tonnes","17382.000000","A"
"174","'620","Portugal","101","'01195","Canary seed","5312","Area harvested","2004","2004","ha",,"M"
"174","'620","Portugal","388","'01234","Tomatoes","5510","Production","2007","2007","tonnes","1236235.000000","A"
"174","'620","Portugal","512","'01329","Other citrus fruit, n.e.c.","5312","Area harvested","2007","2007","ha",,"M"
"174","'620","Portugal","1738","'F1738","Fruit Primary","5419","Yield","1967","1967","hg/ha","38946.000000","E"
"174","'620","Portugal","1043","'21521","Pig fat, rendered","5510","Production","1970","1970","tonnes","18539.990000","I"
"174","'620","Portugal","176","'01701","Beans, dry","5510","Production","1970","1970","tonnes","57555.000000","A"
"174","'620","Portugal","267","'01445","Sunflower seed","5419","Yield","1974","1974","hg/ha","4962.000000","E"
"174","'620","Portugal","773","'26190.01","Flax, processed but not spun","5419","Yield","1966","1966","hg/ha","7828.000000","E"
"174","'620","Portugal","406","'01252","Green garlic","5419","Yield","1965","1965","hg/ha","60000.000000","E"
"174","'620","Portugal","523","'01342.02","Quinces","5510","Production","1990","1990","tonnes","4900.000000","A"
"174","'620","Portugal","1783","'F1783","Eggs Primary","5410","Yield","1966","1966","100mg/An","99706.000000","E"
"174","'620","Portugal","1807","'F1807","Sheep and Goat Meat","5510","Production","1973","1973","tonnes","24237.000000","E"
"174","'620","Portugal","979","'21514","Sheep fat, unrendered","5320","Producing Animals/Slaughtered","2005","2005","Head","1087193.000000","A"
"174","'620","Portugal","530","'01344.01","Sour cherries","5510","Production","1973","1973","tonnes","1720.000000","A"
"174","'620","Portugal","544","'01354","Strawberries","5312","Area harvested","1962","1962","ha","380.000000","E"
"174","'620","Portugal","137","'01540","Yams","5312","Area harvested","1967","1967","ha","314.000000","E"
"174","'620","Portugal","403","'01253.02","Onions and shallots, dry (excluding dehydrated)","5312","Area harvested","1972","1972","ha","3200.000000","E"
"174","'620","Portugal","191","'01703","Chick peas, dry","5510","Production","1984","1984","tonnes","14000.000000","A"
"174","'620","Portugal","490","'01323","Oranges","5510","Production","1986","1986","tonnes","150434.000000","A"
"174","'620","Portugal","507","'01321","Pomelos and grapefruits","5419","Yield","2015","2015","hg/ha","110000.000000","E"
"174","'620","Portugal","406","'01252","Green garlic","5510","Production","1975","1975","tonnes","1000.000000","E"
"174","'620","Portugal","1720","'F1720","Roots and Tubers, Total","5312","Area harvested","1999","1999","ha","64976.000000","E"
"174","'620","Portugal","56","'0112","Maize (corn)","5510","Production","1992","1992","tonnes","678041.000000","A"
"174","'620","Portugal","15","'0111","Wheat","5312","Area harvested","2008","2008","ha","88279.000000","A"
"174","'620","Portugal","461","'01356","Locust beans (carobs)","5510","Production","2008","2008","tonnes","56855.000000","A"
"174","'620","Portugal","191","'01703","Chick peas, dry","5419","Yield","2004","2004","hg/ha","5612.000000","E"
"174","'620","Portugal","122","'01530","Sweet potatoes","5312","Area harvested","2008","2008","ha","3400.000000","E"
"174","'620","Portugal","211","'01709.90","Other pulses n.e.c.","5312","Area harvested","1993","1993","ha","0.000000","A"
"174","'620","Portugal","1729","'F1729","Treenuts, Total","5510","Production","1969","1969","tonnes","100081.000000","E"
"174","'620","Portugal","402","'01253.01","Onions and shallots, green","5419","Yield","2000","2000","hg/ha","88928.000000","E"
"174","'620","Portugal","237","'2161","Soya bean oil","5510","Production","2004","2004","tonnes","127000.000000","T"
"174","'620","Portugal","1098","'21159.01","Edible offals of horses and other equines,  fresh, chilled or frozen","5510","Production","2014","2014","tonnes","67.000000","I"
"174","'620","Portugal","1025","'02954","Raw hides and skins of goats or kids","5320","Producing Animals/Slaughtered","1986","1986","Head","476923.000000","A"
"174","'620","Portugal","1811","'F1811","Butter and Ghee","5510","Production","2000","2000","tonnes","24626.000000","E"
"174","'620","Portugal","1804","'F1804","Citrus Fruit, Total","5510","Production","1990","1990","tonnes","218082.000000","E"
"174","'620","Portugal","426","'01251","Carrots and turnips","5312","Area harvested","1995","1995","ha","4000.000000","T"
"174","'620","Portugal","1720","'F1720","Roots and Tubers, Total","5419","Yield","1970","1970","hg/ha","105851.000000","I"
"174","'620","Portugal","979","'21514","Sheep fat, unrendered","5320","Producing Animals/Slaughtered","2008","2008","Head","1104945.000000","A"
"174","'620","Portugal","449","'01270","Mushrooms and truffles","5510","Production","2001","2001","tonnes","1255.000000","I"
"174","'620","Portugal","358","'01212","Cabbages","5419","Yield","1976","1976","hg/ha","181250.000000","E"
"174","'620","Portugal","1807","'F1807","Sheep and Goat Meat","5320","Producing Animals/Slaughtered","2014","2014","Head","995813.000000","E"
"174","'620","Portugal","567","'01221","Watermelons","5419","Yield","1987","1987","hg/ha","66667.000000","T"
"174","'620","Portugal","336","'01449.02","Hempseed","5419","Yield","1965","1965","hg/ha","2609.000000","I"
"174","'620","Portugal","137","'01540","Yams","5510","Production","1997","1997","tonnes","2074.000000","A"
"174","'620","Portugal","1182","'02910","Natural honey","5510","Production","1994","1994","tonnes","4253.000000","A"
"174","'620","Portugal","995","'02953","Raw hides and skins of sheep or lambs","5510","Production","2007","2007","tonnes","4847.000000","I"
"174","'620","Portugal","982","'02291","Raw milk of sheep","5318","Milk Animals","1996","1996","Head","613000.000000","A"
"174","'620","Portugal","526","'01343","Apricots","5312","Area harvested","1975","1975","ha","1541.000000","A"
"174","'620","Portugal","867","'21111.01","Meat of cattle with the bone, fresh or chilled","5320","Producing Animals/Slaughtered","2009","2009","Head","446082.000000","A"
"174","'620","Portugal","1183","'02960.01","Beeswax","5314","Prod Popultn","1972","1972","No","215000.000000","E"
"174","'620","Portugal","225","'01374","Hazelnuts, in shell","5510","Production","1977","1977","tonnes","1168.000000","A"
"174","'620","Portugal","463","'01290.90","Other vegetables, fresh n.e.c.","5419","Yield","2017","2017","hg/ha","255022.000000","E"
"174","'620","Portugal","677","'01659","Hop cones","5510","Production","1983","1983","tonnes","230.000000","E"
"174","'620","Portugal","222","'01376","Walnuts, in shell","5419","Yield","1978","1978","hg/ha","18001.000000","E"
"174","'620","Portugal","534","'01345","Peaches and nectarines","5312","Area harvested","1968","1968","ha","4800.000000","A"
"174","'620","Portugal","515","'01341","Apples","5419","Yield","1985","1985","hg/ha","44124.000000","E"
"174","'620","Portugal","530","'01344.01","Sour cherries","5419","Yield","1993","1993","hg/ha","13294.000000","E"
"174","'620","Portugal","1058","'21121","Meat of chickens, fresh or chilled","5424","Yield/Carcass Weight","2014","2014","0.1g/An","15200.000000","E"
"174","'620","Portugal","1016","'02123","Goats","5111","Stocks","1987","1987","Head","800000.000000","E"
"174","'620","Portugal","1723","'F1723","Sugar Crops Primary","5510","Production","2018","2018","tonnes","0.000000","E"
"174","'620","Portugal","414","'01241.90","Other beans, green","5419","Yield","1962","1962","hg/ha","100000.000000","E"
"174","'620","Portugal","568","'01229","Cantaloupes and other melons","5419","Yield","2016","2016","hg/ha","274674.000000","E"
"174","'620","Portugal","1035","'21113.01","Meat of pig with the bone, fresh or chilled","5320","Producing Animals/Slaughtered","1981","1981","Head","2673000.000000","T"
"174","'620","Portugal","1020","'02292","Raw milk of goats","5420","Yield","1991","1991","hg/An","5532.000000","E"
"174","'620","Portugal","1811","'F1811","Butter and Ghee","5510","Production","1983","1983","tonnes","5443.000000","E"
"174","'620","Portugal","1017","'21116","Meat of goat, fresh or chilled","5320","Producing Animals/Slaughtered","2015","2015","Head","111207.000000","A"
"174","'620","Portugal","221","'01371","Almonds, in shell","5312","Area harvested","1966","1966","ha","38000.000000","E"
"174","'620","Portugal","530","'01344.01","Sour cherries","5419","Yield","2004","2004","hg/ha","12500.000000","E"
"174","'620","Portugal","372","'01214","Lettuce and chicory","5510","Production","1995","1995","tonnes","59800.000000","T"
"174","'620","Portugal","162","'2351f","Raw cane or beet sugar (centrifugal only)","5510","Production","1987","1987","tonnes","2000.000000","T"
"174","'620","Portugal","210","'01709.02","Lupins","5419","Yield","1970","1970","hg/ha","3911.000000","E"
"174","'620","Portugal","401","'01231","Chillies and peppers, green (Capsicum spp. and Pimenta spp.)","5312","Area harvested","2010","2010","ha","113.000000","I"
"174","'620","Portugal","333","'01441","Linseed","5312","Area harvested","2014","2014","ha",,"M"
"174","'620","Portugal","1097","'21118.01","Horse meat, fresh or chilled","5510","Production","1965","1965","tonnes","2430.000000","A"
"174","'620","Portugal","1034","'02140","Swine / pigs","5111","Stocks","1966","1966","Head","1676300.000000","T"
"174","'620","Portugal","221","'01371","Almonds, in shell","5510","Production","1984","1984","tonnes","17158.000000","A"
"174","'620","Portugal","867","'21111.01","Meat of cattle with the bone, fresh or chilled","5510","Production","2012","2012","tonnes","92988.000000","A"
"174","'620","Portugal","567","'01221","Watermelons","5419","Yield","1966","1966","hg/ha","56452.000000","E"
"174","'620","Portugal","280","'01446","Safflower seed","5312","Area harvested","1974","1974","ha","21772.000000","A"
"174","'620","Portugal","542","'01349.10","Other pome fruits","5510","Production","2019","2019","tonnes","9340.000000","A"
"174","'620","Portugal","826","'01970","Unmanufactured tobacco","5312","Area harvested","1974","1974","ha","5000.000000","E"
"174","'620","Portugal","1166","'21170.92","Other meat n.e.c. (excluding mammals), fresh, chilled or frozen","5510","Production","1977","1977","tonnes","5900.000000","A"
"174","'620","Portugal","919","'02951.01","Raw hides and skins of cattle","5510","Production","1975","1975","tonnes","13304.080000","I"
"174","'620","Portugal","116","'01510","Potatoes","5312","Area harvested","1983","1983","ha","131591.000000","A"
"174","'620","Portugal","667","'01620","Tea leaves","5510","Production","1973","1973","tonnes","300.000000","A"
"174","'620","Portugal","97","'01191","Triticale","5419","Yield","2005","2005","hg/ha","14653.000000","E"
"174","'620","Portugal","403","'01253.02","Onions and shallots, dry (excluding dehydrated)","5312","Area harvested","2010","2010","ha","5151.000000","I"
"174","'620","Portugal","191","'01703","Chick peas, dry","5312","Area harvested","2007","2007","ha","1699.000000","A"
"174","'620","Portugal","234","'01379.90","Other nuts (excluding wild edible nuts and groundnuts), in shell, n.e.c.","5510","Production","2006","2006","tonnes","0.000000","A"
"174","'620","Portugal","534","'01345","Peaches and nectarines","5312","Area harvested","2018","2018","ha","3740.000000","A"
"174","'620","Portugal","1020","'02292","Raw milk of goats","5420","Yield","1999","1999","hg/An","5476.000000","E"
"174","'620","Portugal","888","'22110.02","Skim milk of cows","5510","Production","1982","1982","tonnes","163959.000000","I"
"174","'620","Portugal","523","'01342.02","Quinces","5510","Production","2012","2012","tonnes","4515.000000","A"
"174","'620","Portugal","1806","'F1806","Beef and Buffalo Meat","5417","Yield/Carcass Weight","1994","1994","hg/An","2496.000000","E"
"174","'620","Portugal","463","'01290.90","Other vegetables, fresh n.e.c.","5312","Area harvested","2019","2019","ha","540.000000","A"
"174","'620","Portugal","399","'01233","Eggplants (aubergines)","5419","Yield","1980","1980","hg/ha","220000.000000","E"
"174","'620","Portugal","399","'01233","Eggplants (aubergines)","5510","Production","2016","2016","tonnes","5089.000000","E"
"174","'620","Portugal","1079","'02152","Turkeys","5112","Stocks","1982","1982","1000 Head","3200.000000","E"
"174","'620","Portugal","222","'01376","Walnuts, in shell","5510","Production","2010","2010","tonnes","3350.000000","A"
"174","'620","Portugal","534","'01345","Peaches and nectarines","5510","Production","1998","1998","tonnes","53099.000000","A"
"174","'620","Portugal","1034","'02140","Swine / pigs","5111","Stocks","1969","1969","Head","1778000.000000","E"
"174","'620","Portugal","336","'01449.02","Hempseed","5419","Yield","1961","1961","hg/ha","2459.000000","I"
"174","'620","Portugal","260","'01450","Olives","5312","Area harvested","1963","1963","ha",,"M"
"174","'620","Portugal","1729","'F1729","Treenuts, Total","5312","Area harvested","2018","2018","ha","147880.000000","E"
"174","'620","Portugal","490","'01323","Oranges","5419","Yield","2018","2018","hg/ha","195089.000000","E"
"174","'620","Portugal","281","'21631.02","Safflower-seed oil, crude","5510","Production","1998","1998","tonnes","161.920000","I"
"174","'620","Portugal","1841","'F1841","Oilcrops, Cake Equivalent","5510","Production","1986","1986","tonnes","27886.000000","E"
"174","'620","Portugal","777","'01929.02","True hemp, raw or retted","5312","Area harvested","1973","1973","ha",,"M"
"174","'620","Portugal","868","'21151","Edible offal of cattle, fresh, chilled or frozen","5320","Producing Animals/Slaughtered","2015","2015","Head","363205.000000","A"
"174","'620","Portugal","567","'01221","Watermelons","5419","Yield","2007","2007","hg/ha","100000.000000","E"
"174","'620","Portugal","677","'01659","Hop cones","5419","Yield","2020","2020","hg/ha","20000.000000","E"
"174","'620","Portugal","1807","'F1807","Sheep and Goat Meat","5510","Production","1962","1962","tonnes","21111.000000","E"
"174","'620","Portugal","56","'0112","Maize (corn)","5312","Area harvested","2015","2015","ha","97911.000000","A"
"174","'620","Portugal","523","'01342.02","Quinces","5510","Production","1993","1993","tonnes","3380.000000","A"
"174","'620","Portugal","544","'01354","Strawberries","5312","Area harvested","1996","1996","ha","1400.000000","T"
"174","'620","Portugal","56","'0112","Maize (corn)","5312","Area harvested","1979","1979","ha","394138.000000","A"
"174","'620","Portugal","221","'01371","Almonds, in shell","5419","Yield","2011","2011","hg/ha","2857.000000","E"
"174","'620","Portugal","919","'02951.01","Raw hides and skins of cattle","5420","Yield","1975","1975","hg/An","261.000000","I"
"174","'620","Portugal","157","'01801","Sugar beet","5312","Area harvested","1969","1969","ha","2510.000000","A"
"174","'620","Portugal","1735","'F1735","Vegetables Primary","5419","Yield","1996","1996","hg/ha","273730.000000","E"
"174","'620","Portugal","56","'0112","Maize (corn)","5510","Production","2020","2020","tonnes","682090.000000","A"
"174","'620","Portugal","1738","'F1738","Fruit Primary","5312","Area harvested","1972","1972","ha","539235.000000","E"
"174","'620","Portugal","1097","'21118.01","Horse meat, fresh or chilled","5417","Yield/Carcass Weight","1972","1972","hg/An","1603.000000","E"
"174","'620","Portugal","1091","'0232","Eggs from other birds in shell, fresh, n.e.c.","5510","Production","2009","2009","tonnes","642.000000","A"
"174","'620","Portugal","868","'21151","Edible offal of cattle, fresh, chilled or frozen","5320","Producing Animals/Slaughtered","2017","2017","Head","377551.000000","A"
"174","'620","Portugal","1723","'F1723","Sugar Crops Primary","5510","Production","1987","1987","tonnes","24614.000000","E"
"174","'620","Portugal","157","'01801","Sugar beet","5419","Yield","2002","2002","hg/ha","712233.000000","E"
"174","'620","Portugal","507","'01321","Pomelos and grapefruits","5312","Area harvested","1998","1998","ha","82.000000","A"
"174","'620","Portugal","15","'0111","Wheat","5312","Area harvested","2002","2002","ha","230686.000000","A"
"174","'620","Portugal","1183","'02960.01","Beeswax","5422","Yield","1980","1980","hg","18.000000","I"
"174","'620","Portugal","552","'01355.01","Blueberries","5510","Production","1970","1970","tonnes",,"M"
"174","'620","Portugal","1732","'F1732","Oilcrops, Oil Equivalent","5510","Production","1976","1976","tonnes","74191.700000","E"
"174","'620","Portugal","515","'01341","Apples","5312","Area harvested","2006","2006","ha","15700.000000","A"
"174","'620","Portugal","101","'01195","Canary seed","5312","Area harvested","2008","2008","ha",,"M"
"174","'620","Portugal","403","'01253.02","Onions and shallots, dry (excluding dehydrated)","5510","Production","1977","1977","tonnes","67771.000000","A"
"174","'620","Portugal","44","'0115","Barley","5312","Area harvested","1966","1966","ha","111150.000000","A"
"174","'620","Portugal","220","'01373","Chestnuts, in shell","5419","Yield","1976","1976","hg/ha","14512.000000","I"
"174","'620","Portugal","1062","'0231","Hen eggs in shell, fresh","5510","Production","2013","2013","tonnes","125452.000000","A"
"174","'620","Portugal","897","'22211","Whole milk powder","5510","Production","2009","2009","tonnes","8419.000000","A"
"174","'620","Portugal","191","'01703","Chick peas, dry","5312","Area harvested","1975","1975","ha","39899.000000","A"
"174","'620","Portugal","401","'01231","Chillies and peppers, green (Capsicum spp. and Pimenta spp.)","5419","Yield","1994","1994","hg/ha","52959.000000","E"
"174","'620","Portugal","181","'01702","Broad beans and horse beans, dry","5312","Area harvested","2010","2010","ha","902.000000","I"
"174","'620","Portugal","1783","'F1783","Eggs Primary","5313","Laying","1994","1994","1000 Head","5719.000000","E"
"174","'620","Portugal","221","'01371","Almonds, in shell","5419","Yield","2009","2009","hg/ha","3407.000000","E"
"174","'620","Portugal","373","'01215","Spinach","5312","Area harvested","1985","1985","ha","800.000000","E"
"174","'620","Portugal","1783","'F1783","Eggs Primary","5313","Laying","1984","1984","1000 Head","4700.000000","E"
"174","'620","Portugal","1729","'F1729","Treenuts, Total","5312","Area harvested","2011","2011","ha","64600.000000","E"
"174","'620","Portugal","521","'01342.01","Pears","5312","Area harvested","2018","2018","ha","12500.000000","A"
"174","'620","Portugal","372","'01214","Lettuce and chicory","5419","Yield","2004","2004","hg/ha","216371.000000","E"
"174","'620","Portugal","401","'01231","Chillies and peppers, green (Capsicum spp. and Pimenta spp.)","5312","Area harvested","2015","2015","ha","68.000000","A"
"174","'620","Portugal","773","'26190.01","Flax, processed but not spun","5312","Area harvested","1978","1978","ha","20.000000","E"
"174","'620","Portugal","234","'01379.90","Other nuts (excluding wild edible nuts and groundnuts), in shell, n.e.c.","5510","Production","1992","1992","tonnes","0.000000","A"
"174","'620","Portugal","552","'01355.01","Blueberries","5510","Production","2020","2020","tonnes","15420.000000","A"
"174","'620","Portugal","1765","'F1765","Meat, Total","5510","Production","2020","2020","tonnes","847120.000000","E"
"174","'620","Portugal","1097","'21118.01","Horse meat, fresh or chilled","5320","Producing Animals/Slaughtered","2018","2018","Head","935.000000","A"
"174","'620","Portugal","1806","'F1806","Beef and Buffalo Meat","5510","Production","2012","2012","tonnes","92988.000000","E"
"174","'620","Portugal","1068","'02154","Ducks","5112","Stocks","1996","1996","1000 Head",,"M"
"174","'620","Portugal","677","'01659","Hop cones","5419","Yield","1998","1998","hg/ha","8615.000000","E"
"174","'620","Portugal","1068","'02154","Ducks","5112","Stocks","1991","1991","1000 Head",,"M"
"174","'620","Portugal","463","'01290.90","Other vegetables, fresh n.e.c.","5419","Yield","1978","1978","hg/ha","159838.000000","E"
"174","'620","Portugal","281","'21631.02","Safflower-seed oil, crude","5510","Production","1981","1981","tonnes","2325.760000","I"
"174","'620","Portugal","1726","'F1726","Pulses, Total","5419","Yield","1963","1963","hg/ha","2283.000000","E"
"174","'620","Portugal","567","'01221","Watermelons","5419","Yield","1994","1994","hg/ha","76398.000000","E"
"174","'620","Portugal","122","'01530","Sweet potatoes","5419","Yield","1968","1968","hg/ha","79563.000000","T"
"174","'620","Portugal","280","'01446","Safflower seed","5312","Area harvested","2014","2014","ha",,"M"
"174","'620","Portugal","1242","'21700.02","Margarine and shortening","5510","Production","2009","2009","tonnes","51000.000000","T"
"174","'620","Portugal","530","'01344.01","Sour cherries","5312","Area harvested","2002","2002","ha","35.000000","A"
"174","'620","Portugal","1726","'F1726","Pulses, Total","5312","Area harvested","1964","1964","ha","578248.000000","E"
"174","'620","Portugal","402","'01253.01","Onions and shallots, green","5312","Area harvested","2014","2014","ha","1994.000000","A"
"174","'620","Portugal","426","'01251","Carrots and turnips","5419","Yield","1982","1982","hg/ha","266667.000000","T"
"174","'620","Portugal","1097","'21118.01","Horse meat, fresh or chilled","5320","Producing Animals/Slaughtered","1969","1969","Head","9460.000000","A"
"174","'620","Portugal","222","'01376","Walnuts, in shell","5510","Production","1993","1993","tonnes","3523.000000","A"
"174","'620","Portugal","401","'01231","Chillies and peppers, green (Capsicum spp. and Pimenta spp.)","5419","Yield","1983","1983","hg/ha","50000.000000","E"
"174","'620","Portugal","495","'01324","Tangerines, mandarins, clementines","5510","Production","1969","1969","tonnes","15790.000000","A"
"174","'620","Portugal","773","'26190.01","Flax, processed but not spun","5510","Production","2004","2004","tonnes",,"M"
"174","'620","Portugal","156","'01802","Sugar cane","5510","Production","1982","1982","tonnes","14940.000000","A"
"174","'620","Portugal","1091","'0232","Eggs from other birds in shell, fresh, n.e.c.","5510","Production","2008","2008","tonnes","564.000000","I"
"174","'620","Portugal","220","'01373","Chestnuts, in shell","5312","Area harvested","1980","1980","ha","16000.000000","E"
"174","'620","Portugal","564","'24212.02","Wine","5510","Production","1961","1961","tonnes","742000.000000","A"
"174","'620","Portugal","358","'01212","Cabbages","5312","Area harvested","1993","1993","ha","6846.000000","I"
"174","'620","Portugal","156","'01802","Sugar cane","5312","Area harvested","2018","2018","ha",,"A"
"174","'620","Portugal","1717","'F1717","Cereals, Total","5312","Area harvested","1967","1967","ha","1631911.000000","E"
"174","'620","Portugal","1080","'21124","Meat of turkeys, fresh or chilled","5510","Production","2007","2007","tonnes","44604.000000","A"
"174","'620","Portugal","280","'01446","Safflower seed","5312","Area harvested","2011","2011","ha",,"M"
"174","'620","Portugal","56","'0112","Maize (corn)","5312","Area harvested","1991","1991","ha","215773.000000","A"
"174","'620","Portugal","868","'21151","Edible offal of cattle, fresh, chilled or frozen","5510","Production","2003","2003","tonnes","10770.000000","I"
"174","'620","Portugal","552","'01355.01","Blueberries","5510","Production","2005","2005","tonnes",,"M"
"174","'620","Portugal","242","'0142","Groundnuts, excluding shelled","5510","Production","2009","2009","tonnes",,"M"
"174","'620","Portugal","882","'02211","Raw milk of cattle","5420","Yield","2014","2014","hg/An","83025.000000","E"
"174","'620","Portugal","75","'0117","Oats","5419","Yield","2005","2005","hg/ha","4687.000000","E"
"174","'620","Portugal","116","'01510","Potatoes","5419","Yield","1991","1991","hg/ha","126513.000000","E"
"174","'620","Portugal","393","'01213","Cauliflowers and broccoli","5312","Area harvested","1984","1984","ha","800.000000","E"
"174","'620","Portugal","397","'01232","Cucumbers and gherkins","5419","Yield","1999","1999","hg/ha","282804.000000","E"
"174","'620","Portugal","137","'01540","Yams","5312","Area harvested","1993","1993","ha","113.000000","A"
"174","'620","Portugal","157","'01801","Sugar beet","5419","Yield","2014","2014","hg/ha","376271.000000","E"
"174","'620","Portugal","1183","'02960.01","Beeswax","5510","Production","1994","1994","tonnes","325.000000","A"
"174","'620","Portugal","1025","'02954","Raw hides and skins of goats or kids","5510","Production","1989","1989","tonnes","1100.000000","E"
"174","'620","Portugal","225","'01374","Hazelnuts, in shell","5312","Area harvested","2018","2018","ha","350.000000","A"
"174","'620","Portugal","1080","'21124","Meat of turkeys, fresh or chilled","5510","Production","1992","1992","tonnes","22000.000000","A"
"174","'620","Portugal","97","'01191","Triticale","5419","Yield","2017","2017","hg/ha","15036.000000","E"
"174","'620","Portugal","544","'01354","Strawberries","5510","Production","2005","2005","tonnes","2938.000000","I"
"174","'620","Portugal","723","'01699","Other stimulant, spice and aromatic crops, n.e.c.","5510","Production","1966","1966","tonnes","100.000000","E"
"174","'620","Portugal","1062","'0231","Hen eggs in shell, fresh","5510","Production","1982","1982","tonnes","67500.000000","A"
"174","'620","Portugal","191","'01703","Chick peas, dry","5419","Yield","2002","2002","hg/ha","5705.000000","E"
"174","'620","Portugal","1062","'0231","Hen eggs in shell, fresh","5410","Yield","2018","2018","100mg/An","239782.000000","E"
"174","'620","Portugal","191","'01703","Chick peas, dry","5312","Area harvested","1993","1993","ha","3252.000000","A"
"174","'620","Portugal","885","'22120","Cream, fresh","5510","Production","2018","2018","tonnes","23063.000000","A"
"174","'620","Portugal","568","'01229","Cantaloupes and other melons","5419","Yield","1994","1994","hg/ha","67046.000000","E"
"174","'620","Portugal","237","'2161","Soya bean oil","5510","Production","2006","2006","tonnes","163200.000000","T"
"174","'620","Portugal","463","'01290.90","Other vegetables, fresh n.e.c.","5419","Yield","1999","1999","hg/ha","199457.000000","E"
"174","'620","Portugal","1034","'02140","Swine / pigs","5111","Stocks","1973","1973","Head","2075492.000000","A"
"174","'620","Portugal","560","'01330","Grapes","5312","Area harvested","2013","2013","ha","179505.000000","A"
"174","'620","Portugal","420","'01243","Broad beans and horse beans, green","5312","Area harvested","2012","2012","ha","1289.000000","A"
"174","'620","Portugal","393","'01213","Cauliflowers and broccoli","5312","Area harvested","1995","1995","ha","1500.000000","T"
"174","'620","Portugal","521","'01342.01","Pears","5312","Area harvested","1999","1999","ha","12396.000000","A"
"174","'620","Portugal","1043","'21521","Pig fat, rendered","5510","Production","1982","1982","tonnes","36603.310000","I"
"174","'620","Portugal","979","'21514","Sheep fat, unrendered","5320","Producing Animals/Slaughtered","2009","2009","Head","928193.000000","A"
"174","'620","Portugal","1017","'21116","Meat of goat, fresh or chilled","5417","Yield/Carcass Weight","1966","1966","hg/An","54.000000","E"
"174","'620","Portugal","406","'01252","Green garlic","5419","Yield","2011","2011","hg/ha","60149.000000","E"
"174","'620","Portugal","1107","'02132","Asses","5111","Stocks","1991","1991","Head","51261.000000","I"
"174","'620","Portugal","521","'01342.01","Pears","5419","Yield","1996","1996","hg/ha","81087.000000","E"
"174","'620","Portugal","210","'01709.02","Lupins","5419","Yield","2000","2000","hg/ha","10000.000000","E"
"174","'620","Portugal","79","'0118","Millet","5510","Production","1961","1961","tonnes","7982.000000","A"
"174","'620","Portugal","1746","'F1746","Cattle and Buffaloes","5111","Stocks","1977","1977","Head","1210000.000000","E"
"174","'620","Portugal","987","'02941","Shorn wool, greasy, including fleece-washed shorn wool","5510","Production","1963","1963","tonnes","10619.000000","A"
"174","'620","Portugal","866","'02111","Cattle","5111","Stocks","1984","1984","Head","1283000.000000","T"
"174","'620","Portugal","394","'01235","Pumpkins, squash and gourds","5510","Production","1999","1999","tonnes","11570.000000","I"
"174","'620","Portugal","1080","'21124","Meat of turkeys, fresh or chilled","5424","Yield/Carcass Weight","2005","2005","0.1g/An","105887.000000","E"
"174","'620","Portugal","507","'01321","Pomelos and grapefruits","5510","Production","2015","2015","tonnes","220.000000","E"
"174","'620","Portugal","521","'01342.01","Pears","5312","Area harvested","1991","1991","ha","14513.000000","A"
"174","'620","Portugal","44","'0115","Barley","5419","Yield","1977","1977","hg/ha","5864.000000","E"
"174","'620","Portugal","560","'01330","Grapes","5312","Area harvested","2016","2016","ha","174976.000000","A"
"174","'620","Portugal","1182","'02910","Natural honey","5314","Prod Popultn","1973","1973","No","218000.000000","E"
"174","'620","Portugal","976","'02122","Sheep","5111","Stocks","1962","1962","Head","5049000.000000","T"
"174","'620","Portugal","1726","'F1726","Pulses, Total","5312","Area harvested","1987","1987","ha","92467.000000","E"
"174","'620","Portugal","222","'01376","Walnuts, in shell","5312","Area harvested","2018","2018","ha","3850.000000","A"
"174","'620","Portugal","826","'01970","Unmanufactured tobacco","5419","Yield","1977","1977","hg/ha","21333.000000","I"
"174","'620","Portugal","1720","'F1720","Roots and Tubers, Total","5510","Production","1978","1978","tonnes","1293109.000000","E"
"174","'620","Portugal","176","'01701","Beans, dry","5510","Production","2010","2010","tonnes","2042.000000","A"
"174","'620","Portugal","220","'01373","Chestnuts, in shell","5312","Area harvested","2011","2011","ha","34648.000000","A"
"174","'620","Portugal","558","'01355.90","Other berries and fruits of the genus vaccinium n.e.c.","5510","Production","2010","2010","tonnes","327.000000","A"
"174","'620","Portugal","574","'01318","Pineapples","5312","Area harvested","2008","2008","ha","62.000000","A"
"174","'620","Portugal","1804","'F1804","Citrus Fruit, Total","5419","Yield","1980","1980","hg/ha","65923.000000","E"
"174","'620","Portugal","116","'01510","Potatoes","5419","Yield","2017","2017","hg/ha","216992.000000","E"
"174","'620","Portugal","122","'01530","Sweet potatoes","5419","Yield","2002","2002","hg/ha","82273.000000","E"
"174","'620","Portugal","1726","'F1726","Pulses, Total","5510","Production","1964","1964","tonnes","123584.000000","E"
"174","'620","Portugal","333","'01441","Linseed","5312","Area harvested","1992","1992","ha","0.000000","A"
"174","'620","Portugal","1025","'02954","Raw hides and skins of goats or kids","5510","Production","1992","1992","tonnes","1116.000000","I"
"174","'620","Portugal","1163","'21170.02","Game meat, fresh, chilled or frozen","5510","Production","2018","2018","tonnes",,"A"
"174","'620","Portugal","567","'01221","Watermelons","5419","Yield","2012","2012","hg/ha","337292.000000","E"
"174","'620","Portugal","1765","'F1765","Meat, Total","5510","Production","1981","1981","tonnes","467800.000000","E"
"174","'620","Portugal","1783","'F1783","Eggs Primary","5313","Laying","1973","1973","1000 Head","3500.000000","E"
"174","'620","Portugal","79","'0118","Millet","5510","Production","2009","2009","tonnes",,"M"
"174","'620","Portugal","1735","'F1735","Vegetables Primary","5312","Area harvested","1985","1985","ha","84260.000000","E"
"174","'620","Portugal","399","'01233","Eggplants (aubergines)","5510","Production","2004","2004","tonnes","5781.000000","I"
"174","'620","Portugal","569","'01315","Figs","5312","Area harvested","1961","1961","ha","300000.000000","E"
"174","'620","Portugal","75","'0117","Oats","5312","Area harvested","2007","2007","ha","46064.000000","A"
"174","'620","Portugal","689","'01652","Chillies and peppers, dry (Capsicum spp., Pimenta spp.), raw","5312","Area harvested","2014","2014","ha",,"M"
"174","'620","Portugal","373","'01215","Spinach","5312","Area harvested","1980","1980","ha","700.000000","E"
"174","'620","Portugal","569","'01315","Figs","5419","Yield","2008","2008","hg/ha","5126.000000","E"
"174","'620","Portugal","1726","'F1726","Pulses, Total","5510","Production","1963","1963","tonnes","132357.000000","E"
"174","'620","Portugal","461","'01356","Locust beans (carobs)","5510","Production","1981","1981","tonnes","20000.000000","E"
"174","'620","Portugal","773","'26190.01","Flax, processed but not spun","5312","Area harvested","2016","2016","ha",,"M"
"174","'620","Portugal","1018","'21156","Edible offal of goat, fresh, chilled or frozen","5320","Producing Animals/Slaughtered","2011","2011","Head","135205.000000","A"
"174","'620","Portugal","1107","'02132","Asses","5111","Stocks","2001","2001","Head","31189.000000","I"
"174","'620","Portugal","75","'0117","Oats","5419","Yield","2014","2014","hg/ha","13344.000000","E"
"174","'620","Portugal","394","'01235","Pumpkins, squash and gourds","5312","Area harvested","1964","1964","ha","100.000000","E"
"174","'620","Portugal","222","'01376","Walnuts, in shell","5312","Area harvested","2015","2015","ha","3287.000000","A"
"174","'620","Portugal","1182","'02910","Natural honey","5510","Production","2014","2014","tonnes","10452.000000","A"
"174","'620","Portugal","101","'01195","Canary seed","5510","Production","2015","2015","tonnes",,"M"
"174","'620","Portugal","221","'01371","Almonds, in shell","5510","Production","1991","1991","tonnes","52728.000000","A"
"174","'620","Portugal","1058","'21121","Meat of chickens, fresh or chilled","5510","Production","1966","1966","tonnes","39402.000000","A"
"174","'620","Portugal","1816","'F1816","Evaporat&Condensed Milk","5510","Production","1976","1976","tonnes","3057.000000","E"
"174","'620","Portugal","564","'24212.02","Wine","5510","Production","2016","2016","tonnes","708562.000000","A"
"174","'620","Portugal","388","'01234","Tomatoes","5510","Production","1965","1965","tonnes","580000.000000","T"
"174","'620","Portugal","901","'22251.01","Cheese from whole cow milk","5510","Production","1994","1994","tonnes","46743.000000","A"
"174","'620","Portugal","30","'F0030","Rice, paddy (rice milled equivalent)","5510","Production","2001","2001","tonnes","97337.000000","E"
"174","'620","Portugal","523","'01342.02","Quinces","5419","Yield","1974","1974","hg/ha","44991.000000","E"
"174","'620","Portugal","401","'01231","Chillies and peppers, green (Capsicum spp. and Pimenta spp.)","5510","Production","2020","2020","tonnes","54500.000000","A"
"174","'620","Portugal","977","'21115","Meat of sheep, fresh or chilled","5417","Yield/Carcass Weight","1980","1980","hg/An","96.000000","T"
"174","'620","Portugal","490","'01323","Oranges","5510","Production","2006","2006","tonnes","218365.000000","A"
"174","'620","Portugal","1107","'02132","Asses","5111","Stocks","1961","1961","Head","201000.000000","E"
"174","'620","Portugal","1062","'0231","Hen eggs in shell, fresh","5410","Yield","1980","1980","100mg/An","118592.000000","I"
"174","'620","Portugal","541","'01349.20","Other stone fruits","5419","Yield","1990","1990","hg/ha","30032.000000","E"
"174","'620","Portugal","1017","'21116","Meat of goat, fresh or chilled","5510","Production","1974","1974","tonnes","3319.000000","A"
"174","'620","Portugal","867","'21111.01","Meat of cattle with the bone, fresh or chilled","5417","Yield/Carcass Weight","1963","1963","hg/An","1257.000000","E"
"174","'620","Portugal","521","'01342.01","Pears","5419","Yield","1962","1962","hg/ha","95455.000000","E"
"174","'620","Portugal","1019","'21515","Goat fat, unrendered","5320","Producing Animals/Slaughtered","1998","1998","Head","209002.000000","A"
"174","'620","Portugal","397","'01232","Cucumbers and gherkins","5510","Production","2010","2010","tonnes","10527.000000","I"
"174","'620","Portugal","393","'01213","Cauliflowers and broccoli","5312","Area harvested","2011","2011","ha","3731.000000","A"
"174","'620","Portugal","568","'01229","Cantaloupes and other melons","5419","Yield","1977","1977","hg/ha","56667.000000","E"
"174","'620","Portugal","490","'01323","Oranges","5510","Production","2003","2003","tonnes","267936.000000","A"
"174","'620","Portugal","568","'01229","Cantaloupes and other melons","5312","Area harvested","2003","2003","ha","6338.000000","I"
"174","'620","Portugal","1745","'F1745","Cheese (All Kinds)","5510","Production","1998","1998","tonnes","70431.000000","E"
"174","'620","Portugal","1182","'02910","Natural honey","5422","Yield","1969","1969","hg","123.000000","I"
"174","'620","Portugal","1080","'21124","Meat of turkeys, fresh or chilled","5424","Yield/Carcass Weight","1984","1984","0.1g/An","40000.000000","T"
"174","'620","Portugal","156","'01802","Sugar cane","5419","Yield","1966","1966","hg/ha","387302.000000","E"
"174","'620","Portugal","497","'01322","Lemons and limes","5510","Production","1983","1983","tonnes","8000.000000","A"
"174","'620","Portugal","490","'01323","Oranges","5312","Area harvested","1994","1994","ha","20089.000000","A"
"174","'620","Portugal","56","'0112","Maize (corn)","5510","Production","1984","1984","tonnes","521000.000000","A"
"174","'620","Portugal","568","'01229","Cantaloupes and other melons","5419","Yield","2010","2010","hg/ha","191285.000000","E"
"174","'620","Portugal","826","'01970","Unmanufactured tobacco","5419","Yield","1987","1987","hg/ha","19617.000000","E"
"174","'620","Portugal","15","'0111","Wheat","5419","Yield","2010","2010","hg/ha","14305.000000","E"
"174","'620","Portugal","1808","'F1808","Meat, Poultry","5424","Yield/Carcass Weight","2002","2002","0.1g/An","16199.000000","E"
"174","'620","Portugal","426","'01251","Carrots and turnips","5419","Yield","1974","1974","hg/ha","292593.000000","E"
"174","'620","Portugal","420","'01243","Broad beans and horse beans, green","5419","Yield","1973","1973","hg/ha","100000.000000","E"
"174","'620","Portugal","773","'26190.01","Flax, processed but not spun","5510","Production","2013","2013","tonnes",,"M"
"174","'620","Portugal","1729","'F1729","Treenuts, Total","5419","Yield","1963","1963","hg/ha","11390.000000","E"
"174","'620","Portugal","463","'01290.90","Other vegetables, fresh n.e.c.","5312","Area harvested","1982","1982","ha","34000.000000","E"
"174","'620","Portugal","1058","'21121","Meat of chickens, fresh or chilled","5510","Production","2004","2004","tonnes","229682.000000","A"
"174","'620","Portugal","1811","'F1811","Butter and Ghee","5510","Production","2012","2012","tonnes","28446.000000","E"
"174","'620","Portugal","507","'01321","Pomelos and grapefruits","5312","Area harvested","1990","1990","ha","1745.000000","A"
"174","'620","Portugal","221","'01371","Almonds, in shell","5419","Yield","1972","1972","hg/ha","5716.000000","E"
"174","'620","Portugal","568","'01229","Cantaloupes and other melons","5419","Yield","1976","1976","hg/ha","65625.000000","E"
"174","'620","Portugal","71","'0116","Rye","5312","Area harvested","2019","2019","ha","14590.000000","A"
"174","'620","Portugal","280","'01446","Safflower seed","5419","Yield","1986","1986","hg/ha","5000.000000","E"
"174","'620","Portugal","242","'0142","Groundnuts, excluding shelled","5312","Area harvested","2003","2003","ha",,"M"
"174","'620","Portugal","252","'2166","Coconut oil","5510","Production","2016","2016","tonnes","0.000000","E"
"174","'620","Portugal","393","'01213","Cauliflowers and broccoli","5419","Yield","1988","1988","hg/ha","200000.000000","T"
"174","'620","Portugal","237","'2161","Soya bean oil","5510","Production","2000","2000","tonnes","92000.000000","T"
"174","'620","Portugal","15","'0111","Wheat","5312","Area harvested","1969","1969","ha","567700.000000","A"
"174","'620","Portugal","567","'01221","Watermelons","5510","Production","2018","2018","tonnes","26000.000000","A"
"174","'620","Portugal","191","'01703","Chick peas, dry","5419","Yield","1967","1967","hg/ha","3928.000000","E"
"174","'620","Portugal","407","'01254","Leeks and other alliaceous vegetables","5312","Area harvested","1995","1995","ha",,"M"
"174","'620","Portugal","403","'01253.02","Onions and shallots, dry (excluding dehydrated)","5419","Yield","1977","1977","hg/ha","169428.000000","I"
"174","'620","Portugal","56","'0112","Maize (corn)","5510","Production","2000","2000","tonnes","881589.000000","A"
"174","'620","Portugal","461","'01356","Locust beans (carobs)","5510","Production","2010","2010","tonnes","39171.000000","A"
"174","'620","Portugal","534","'01345","Peaches and nectarines","5419","Yield","1973","1973","hg/ha","45900.000000","E"
"174","'620","Portugal","406","'01252","Green garlic","5419","Yield","2009","2009","hg/ha","73643.000000","E"
"174","'620","Portugal","1723","'F1723","Sugar Crops Primary","5419","Yield","1964","1964","hg/ha","342857.000000","E"
"174","'620","Portugal","1729","'F1729","Treenuts, Total","5419","Yield","1965","1965","hg/ha","8003.000000","E"
"174","'620","Portugal","260","'01450","Olives","5312","Area harvested","2013","2013","ha","351770.000000","A"
"174","'620","Portugal","15","'0111","Wheat","5419","Yield","1979","1979","hg/ha","8829.000000","E"
"174","'620","Portugal","490","'01323","Oranges","5312","Area harvested","1987","1987","ha","18179.000000","A"
"174","'620","Portugal","867","'21111.01","Meat of cattle with the bone, fresh or chilled","5320","Producing Animals/Slaughtered","2016","2016","Head","377118.000000","A"
"174","'620","Portugal","176","'01701","Beans, dry","5419","Yield","1998","1998","hg/ha","5948.000000","E"
"174","'620","Portugal","569","'01315","Figs","5510","Production","1990","1990","tonnes","37000.000000","A"
"174","'620","Portugal","406","'01252","Green garlic","5419","Yield","2020","2020","hg/ha","182836.000000","E"
"174","'620","Portugal","260","'01450","Olives","5419","Yield","2015","2015","hg/ha","20575.000000","E"
"174","'620","Portugal","406","'01252","Green garlic","5419","Yield","1998","1998","hg/ha","60417.000000","E"
"174","'620","Portugal","258","'21691.14","Oil of palm kernel","5510","Production","1992","1992","tonnes","1450.400000","I"
"174","'620","Portugal","1225","'21523","Tallow","5510","Production","2000","2000","tonnes","4700.000000","E"
"174","'620","Portugal","1723","'F1723","Sugar Crops Primary","5510","Production","2004","2004","tonnes","630562.000000","E"
"174","'620","Portugal","486","'01312","Bananas","5419","Yield","1994","1994","hg/ha","268741.000000","E"
"174","'620","Portugal","826","'01970","Unmanufactured tobacco","5312","Area harvested","1968","1968","ha","10500.000000","E"
"174","'620","Portugal","244","'2162","Groundnut oil","5510","Production","1991","1991","tonnes","2660.980000","I"
"174","'620","Portugal","1749","'F1749","Sheep and Goats","5111","Stocks","1967","1967","Head","6345725.000000","E"
"174","'620","Portugal","97","'01191","Triticale","5312","Area harvested","2007","2007","ha","15928.000000","A"
"174","'620","Portugal","1034","'02140","Swine / pigs","5111","Stocks","1965","1965","Head","1565000.000000","T"
"174","'620","Portugal","222","'01376","Walnuts, in shell","5419","Yield","1994","1994","hg/ha","14065.000000","E"
"174","'620","Portugal","569","'01315","Figs","5510","Production","1971","1971","tonnes","155300.000000","A"
"174","'620","Portugal","116","'01510","Potatoes","5419","Yield","1961","1961","hg/ha","97535.000000","E"
"174","'620","Portugal","567","'01221","Watermelons","5510","Production","2019","2019","tonnes","22670.000000","A"
"174","'620","Portugal","101","'01195","Canary seed","5312","Area harvested","2011","2011","ha",,"M"
"174","'620","Portugal","977","'21115","Meat of sheep, fresh or chilled","5320","Producing Animals/Slaughtered","2005","2005","Head","1087193.000000","A"
"174","'620","Portugal","541","'01349.20","Other stone fruits","5510","Production","1985","1985","tonnes","1900.000000","A"
"174","'620","Portugal","406","'01252","Green garlic","5312","Area harvested","1973","1973","ha","150.000000","E"
"174","'620","Portugal","406","'01252","Green garlic","5419","Yield","1996","1996","hg/ha","60086.000000","E"
"174","'620","Portugal","137","'01540","Yams","5312","Area harvested","2007","2007","ha","160.000000","E"
"174","'620","Portugal","497","'01322","Lemons and limes","5510","Production","1979","1979","tonnes","9000.000000","E"
"174","'620","Portugal","515","'01341","Apples","5312","Area harvested","1990","1990","ha","24567.000000","A"
"174","'620","Portugal","403","'01253.02","Onions and shallots, dry (excluding dehydrated)","5419","Yield","1974","1974","hg/ha","178581.000000","I"
"174","'620","Portugal","1804","'F1804","Citrus Fruit, Total","5510","Production","2016","2016","tonnes","354305.000000","E"
"174","'620","Portugal","336","'01449.02","Hempseed","5312","Area harvested","2012","2012","ha",,"M"
"174","'620","Portugal","1019","'21515","Goat fat, unrendered","5510","Production","2015","2015","tonnes","81.000000","I"
"174","'620","Portugal","71","'0116","Rye","5312","Area harvested","2012","2012","ha","19508.000000","A"
"174","'620","Portugal","71","'0116","Rye","5312","Area harvested","1982","1982","ha","138276.000000","A"
"174","'620","Portugal","280","'01446","Safflower seed","5419","Yield","1971","1971","hg/ha","8133.000000","E"
"174","'620","Portugal","1097","'21118.01","Horse meat, fresh or chilled","5320","Producing Animals/Slaughtered","1986","1986","Head","7660.000000","A"
"174","'620","Portugal","894","'22221.01","Whole milk, evaporated","5510","Production","1969","1969","tonnes","566.000000","A"
"174","'620","Portugal","358","'01212","Cabbages","5510","Production","1971","1971","tonnes","125000.000000","E"
"174","'620","Portugal","592","'01352","Kiwi fruit","5510","Production","1992","1992","tonnes","10048.000000","A"
"174","'620","Portugal","2029","'F2029","Poultry Birds","5112","Stocks","1979","1979","1000 Head","19800.000000","E"
"174","'620","Portugal","541","'01349.20","Other stone fruits","5510","Production","2004","2004","tonnes","743.000000","A"
"174","'620","Portugal","486","'01312","Bananas","5510","Production","1980","1980","tonnes","33508.000000","A"
"174","'620","Portugal","242","'0142","Groundnuts, excluding shelled","5312","Area harvested","2015","2015","ha",,"M"
"174","'620","Portugal","1807","'F1807","Sheep and Goat Meat","5417","Yield/Carcass Weight","1970","1970","hg/An","93.000000","E"
"174","'620","Portugal","497","'01322","Lemons and limes","5312","Area harvested","2013","2013","ha","890.000000","A"
"174","'620","Portugal","888","'22110.02","Skim milk of cows","5510","Production","1989","1989","tonnes","313317.000000","I"
"174","'620","Portugal","1717","'F1717","Cereals, Total","5419","Yield","2007","2007","hg/ha","34157.000000","E"
"174","'620","Portugal","1107","'02132","Asses","5111","Stocks","1976","1976","Head","180000.000000","E"
"174","'620","Portugal","221","'01371","Almonds, in shell","5419","Yield","1998","1998","hg/ha","6074.000000","E"
"174","'620","Portugal","569","'01315","Figs","5312","Area harvested","2008","2008","ha","4590.000000","A"
"174","'620","Portugal","619","'01359.90","Other fruits, n.e.c.","5312","Area harvested","2009","2009","ha","296.000000","A"
"174","'620","Portugal","777","'01929.02","True hemp, raw or retted","5312","Area harvested","1984","1984","ha",,"M"
"174","'620","Portugal","1806","'F1806","Beef and Buffalo Meat","5320","Producing Animals/Slaughtered","1993","1993","Head","496107.000000","E"
"174","'620","Portugal","982","'02291","Raw milk of sheep","5510","Production","1986","1986","tonnes","84164.000000","A"
"174","'620","Portugal","358","'01212","Cabbages","5510","Production","1989","1989","tonnes","150000.000000","E"
"174","'620","Portugal","569","'01315","Figs","5312","Area harvested","1972","1972","ha","200000.000000","E"
"174","'620","Portugal","1035","'21113.01","Meat of pig with the bone, fresh or chilled","5417","Yield/Carcass Weight","1988","1988","hg/An","678.000000","E"
"174","'620","Portugal","1807","'F1807","Sheep and Goat Meat","5510","Production","1977","1977","tonnes","26397.000000","E"
"174","'620","Portugal","919","'02951.01","Raw hides and skins of cattle","5420","Yield","1972","1972","hg/An","261.000000","I"
"174","'620","Portugal","1058","'21121","Meat of chickens, fresh or chilled","5321","Producing Animals/Slaughtered","1965","1965","1000 Head","38800.000000","E"
"174","'620","Portugal","15","'0111","Wheat","5312","Area harvested","2010","2010","ha","57727.000000","A"
"174","'620","Portugal","486","'01312","Bananas","5510","Production","1994","1994","tonnes","38000.000000","E"
"174","'620","Portugal","777","'01929.02","True hemp, raw or retted","5510","Production","2017","2017","tonnes",,"M"
"174","'620","Portugal","1807","'F1807","Sheep and Goat Meat","5320","Producing Animals/Slaughtered","2020","2020","Head","1378700.000000","E"
"174","'620","Portugal","1723","'F1723","Sugar Crops Primary","5419","Yield","1968","1968","hg/ha","358500.000000","E"
"174","'620","Portugal","890","'22130.03","Whey, condensed","5510","Production","2010","2010","tonnes","4286.000000","I"
"174","'620","Portugal","459","'01691","Chicory roots","5510","Production","2013","2013","tonnes",,"M"
"174","'620","Portugal","406","'01252","Green garlic","5312","Area harvested","1971","1971","ha","150.000000","E"
"174","'620","Portugal","75","'0117","Oats","5510","Production","1963","1963","tonnes","99000.000000","A"
"174","'620","Portugal","1110","'02133","Mules and hinnies","5111","Stocks","1987","1987","Head","80000.000000","E"
"174","'620","Portugal","234","'01379.90","Other nuts (excluding wild edible nuts and groundnuts), in shell, n.e.c.","5510","Production","1989","1989","tonnes","2100.000000","E"
"174","'620","Portugal","210","'01709.02","Lupins","5419","Yield","1994","1994","hg/ha","12174.000000","E"
"174","'620","Portugal","1726","'F1726","Pulses, Total","5419","Yield","1972","1972","hg/ha","2514.000000","E"
"174","'620","Portugal","406","'01252","Green garlic","5419","Yield","1981","1981","hg/ha","55000.000000","E"
"174","'620","Portugal","1738","'F1738","Fruit Primary","5312","Area harvested","1962","1962","ha","597070.000000","E"
"174","'620","Portugal","122","'01530","Sweet potatoes","5419","Yield","1967","1967","hg/ha","82628.000000","I"
"174","'620","Portugal","1225","'21523","Tallow","5510","Production","1982","1982","tonnes","6500.000000","E"
"174","'620","Portugal","569","'01315","Figs","5510","Production","2013","2013","tonnes","2882.000000","A"
"174","'620","Portugal","977","'21115","Meat of sheep, fresh or chilled","5320","Producing Animals/Slaughtered","2010","2010","Head","962088.000000","A"
"174","'620","Portugal","1717","'F1717","Cereals, Total","5312","Area harvested","2001","2001","ha","492715.000000","E"
"174","'620","Portugal","336","'01449.02","Hempseed","5312","Area harvested","1995","1995","ha",,"M"
"174","'620","Portugal","44","'0115","Barley","5312","Area harvested","1980","1980","ha","79227.000000","A"
"174","'620","Portugal","1057","'02151","Chickens","5112","Stocks","1965","1965","1000 Head","10200.000000","E"
"174","'620","Portugal","486","'01312","Bananas","5510","Production","1979","1979","tonnes","22929.000000","A"
"174","'620","Portugal","333","'01441","Linseed","5312","Area harvested","1971","1971","ha","177.000000","A"
"174","'620","Portugal","336","'01449.02","Hempseed","5312","Area harvested","1981","1981","ha",,"M"
"174","'620","Portugal","44","'0115","Barley","5510","Production","1961","1961","tonnes","52051.000000","A"
"174","'620","Portugal","210","'01709.02","Lupins","5510","Production","1987","1987","tonnes","554.000000","A"
"174","'620","Portugal","507","'01321","Pomelos and grapefruits","5510","Production","1998","1998","tonnes","766.000000","A"
"174","'620","Portugal","220","'01373","Chestnuts, in shell","5312","Area harvested","2008","2008","ha","33732.000000","A"
"174","'620","Portugal","27","'0113","Rice","5510","Production","1999","1999","tonnes","151650.000000","A"
"174","'620","Portugal","403","'01253.02","Onions and shallots, dry (excluding dehydrated)","5312","Area harvested","1978","1978","ha","4000.000000","E"
"174","'620","Portugal","1806","'F1806","Beef and Buffalo Meat","5510","Production","2011","2011","tonnes","96003.000000","E"
"174","'620","Portugal","1058","'21121","Meat of chickens, fresh or chilled","5321","Producing Animals/Slaughtered","1993","1993","1000 Head","178518.000000","I"
"174","'620","Portugal","281","'21631.02","Safflower-seed oil, crude","5510","Production","2011","2011","tonnes","0.000000","I"
"174","'620","Portugal","15","'0111","Wheat","5419","Yield","1977","1977","hg/ha","8735.000000","E"