Area Code,Area Code (M49),Area,Item Code,Item Code (CPC),Item,Element Code,Element,Year Code,Year,Unit,Value,Flag
"203","'724","Spain","689","'01652","Chillies and peppers, dry (Capsicum spp., Pimenta spp.), raw","5419","Yield","2009","2009","hg/ha","29820.000000","E"
"203","'724","Spain","1806","'F1806","Beef and Buffalo Meat","5510","Production","1989","1989","tonnes","459259.000000","E"
"203","'724","Spain","549","'01351.02","Gooseberries","5312","Area harvested","2015","2015","ha","20.000000","A"
"203","'724","Spain","677","'01659","Hop cones","5312","Area harvested","1963","1963","ha","1136.000000","A"
"203","'724","Spain","75","'0117","Oats","5312","Area harvested","1992","1992","ha","313800.000000","A"
"203","'724","Spain","526","'01343","Apricots","5312","Area harvested","1972","1972","ha","22600.000000","A"
"68","'250","France","1242","'21700.02","Margarine and shortening","5510","Production","1997","1997","tonnes","86000.000000","T"
"68","'250","France","56","'0112","Maize (corn)","5510","Production","1961","1961","tonnes","2480000.000000","A"
"68","'250","France","27","'0113","Rice","5419","Yield","2003","2003","hg/ha","56052.000000","E"
"68","'250","France","407","'01254","Leeks and other alliaceous vegetables","5312","Area harvested","1979","1979","ha","11400.000000","A"
"68","'250","France","423","'01241.01","String beans","5419","Yield","1971","1971","hg/ha","58717.000000","E"
"68","'250","France","897","'22211","Whole milk powder","5510","Production","2000","2000","tonnes","257792.000000","A"
"174","'620","Portugal","394","'01235","Pumpkins, squash and gourds","5419","Yield","1972","1972","hg/ha","200000.000000","E"
"174","'620","Portugal","521","'01342.01","Pears","5419","Yield","2013","2013","hg/ha","168539.000000","E"
"174","'620","Portugal","260","'01450","Olives","5312","Area harvested","2008","2008","ha","347140.000000","A"
"174","'620","Portugal","260","'01450","Olives","5510","Production","1964","1964","tonnes","309000.000000","A"
"106","'380","Italy","1062","'0231","Hen eggs in shell, fresh","5313","Laying","1977","1977","1000 Head","53000.000000","E"
"79","'276","Germany","60","'21691.02","Oil of maize","5510","Production","2019","2019","tonnes","18100.000000","T"
"79","'276","Germany","1807","'F1807","Sheep and Goat Meat","5510","Production","1969","1969","tonnes","21976.000000","E"
"79","'276","Germany","898","'22212","Skim milk and whey powder","5510","Production","1962","1962","tonnes","130642.000000","A"